Algorithm1,,,,,,,,,,,,,,,,,,,,,,,,,,,,,,,,,,,,,,,,,,,,,,,,,,,,,,,,,,,,,,,,,,,,,,,,,,,,,,,,,,,,,,,,,,,,,,,,,,,,,,,,,,,,,,,,,,,,,,,,,,,,,,,,,,,,,,,,,,,,,,,,,,,,,,,,,,,,,,,,,,,,,,,,,,,,,,,,,,,,,,,,,,,,,,,,,,,,,,,,,,,,,,,,,,,,,,,,,,,
Communication rounds,,,,,,,,,,,,,,,,,,,,,,,,,,,,,,,,,,,,,,,,,,,,,,,,,,,,,,,,,,,,,,,,,,,,,,,,,,,,,,,,,,,,,,,,,,,,,,,,,,,,,,,,,,,,,,,,,,,,,,,,,,,,,,,,,,,,,,,,,,,,,,,,,,,,,,,,,,,,,,,,,,,,,,,,,,,,,,,,,,,,,,,,,,,,,,,,,,,,,,,,,,,,,,,,,,,,,,,,,,,
0,1,2,3,4,5,6,7,8,9,10,11,12,13,14,15,16,17,18,19,20,21,22,23,24,25,26,27,28,29,30,31,32,33,34,35,36,37,38,39,40,41,42,43,44,45,46,47,48,49,50,51,52,53,54,55,56,57,58,59,60,61,62,63,64,65,66,67,68,69,70,71,72,73,74,75,76,77,78,79,80,81,82,83,84,85,86,87,88,89,90,91,92,93,94,95,96,97,98,99,100,101,102,103,104,105,106,107,108,109,110,111,112,113,114,115,116,117,118,119,120,121,122,123,124,125,126,127,128,129,130,131,132,133,134,135,136,137,138,139,140,141,142,143,144,145,146,147,148,149,150,151,152,153,154,155,156,157,158,159,160,161,162,163,164,165,166,167,168,169,170,171,172,173,174,175,176,177,178,179,180,181,182,183,184,185,186,187,188,189,190,191,192,193,194,195,196,197,198,199,200,201,202,203,204,205,206,207,208,209,210,211,212,213,214,215,216,217,218,219
loss,,,,,,,,,,,,,,,,,,,,,,,,,,,,,,,,,,,,,,,,,,,,,,,,,,,,,,,,,,,,,,,,,,,,,,,,,,,,,,,,,,,,,,,,,,,,,,,,,,,,,,,,,,,,,,,,,,,,,,,,,,,,,,,,,,,,,,,,,,,,,,,,,,,,,,,,,,,,,,,,,,,,,,,,,,,,,,,,,,,,,,,,,,,,,,,,,,,,,,,,,,,,,,,,,,,,,,,,,,,
0.693147181,0.590499633,0.516708129,0.441559615,0.365718808,0.296736607,0.239157401,0.191798156,0.152738839,0.123826976,0.156080584,0.106703947,0.101179075,0.098974447,0.095963587,0.091664119,0.085741367,0.078359964,0.081144034,0.072523947,0.068437336,0.067505411,0.066246468,0.064391244,0.061659159,0.057773726,0.052577837,0.046968019,0.065222176,0.043140442,0.042463372,0.04198648,0.041291397,0.040248933,0.038709553,0.036527788,0.03363105,0.030129079,0.026680885,0.062566862,0.02529376,0.024797114,0.024656007,0.024510252,0.024287869,0.023951404,0.023458388,0.022970326,0.023919509,0.022442478,0.02237153,0.022283397,0.022151143,0.021949973,0.021649665,0.021221312,0.020899565,0.022433241,0.020467262,0.020429458,0.02038485,0.02031769,0.02021505,0.020060884,0.019845213,0.020148081,0.019778409,0.019548461,0.019527556,0.019498679,0.019455117,0.019388678,0.019289293,0.019146794,0.018957979,0.019369841,0.019597982,0.018701016,0.018693455,0.018683615,0.018668755,0.018646001,0.018611734,0.018562631,0.018589071,0.018644958,0.018480182,0.018476159,0.01847066,0.018462347,0.01844961,0.018430406,0.01840253,0.018365505,0.018539626,0.018375318,0.018326351,0.018324628,0.018322227,0.018318584,0.018312981,0.018304496,0.01829209,0.018275476,0.018359054,0.018276897,0.018258711,0.01825794,0.018256865,0.01825523,0.018252705,0.018248852,0.018243145,0.01823514,0.018233394,0.018294942,0.018223057,0.01822272,0.018222266,0.018221575,0.018220501,0.018218847,0.018216364,0.018212971,0.018229929,0.018211538,0.01820994,0.018209746,0.018209473,0.018209056,0.018208406,0.018207402,0.01820589,0.018203707,0.018201626,0.018226472,0.01820005,0.018199937,0.018199811,0.018199617,0.018199315,0.018198845,0.01819813,0.018197156,0.018202012,0.0181966,0.018196349,0.018196285,0.018196195,0.018196056,0.018195838,0.0181955,0.018194987,0.018194239,0.018195211,0.018199345,0.018193078,0.018193045,0.018193,0.018192931,0.018192823,0.018192654,0.018192395,0.018192011,0.01819157,0.018196153,0.018191307,0.018191278,0.018191253,0.018191215,0.018191156,0.018191064,0.018190922,0.018190718,0.018191672,0.018190657,0.01819051,0.018190497,0.018190479,0.018190452,0.018190409,0.018190341,0.018190237,0.018190082,0.018189999,0.018191485,0.01818982,0.018189812,0.018189802,0.018189786,0.018189761,0.018189721,0.018189661,0.01818957,0.01818967,0.018190117,0.018189422,0.018189417,0.018189411,0.0181894,0.018189385,0.01818936,0.018189322,0.018189264,0.0181892,0.018189876,0.018189159,0.018189155,0.018189151,0.018189144,0.018189135,0.01818912,0.018189097,0.018189063,0.018189227,0.018189072,0.018189024,0.018189022,0.018189019,0.018189015
,,,,,,,,,,,,,,,,,,,,,,,,,,,,,,,,,,,,,,,,,,,,,,,,,,,,,,,,,,,,,,,,,,,,,,,,,,,,,,,,,,,,,,,,,,,,,,,,,,,,,,,,,,,,,,,,,,,,,,,,,,,,,,,,,,,,,,,,,,,,,,,,,,,,,,,,,,,,,,,,,,,,,,,,,,,,,,,,,,,,,,,,,,,,,,,,,,,,,,,,,,,,,,,,,,,,,,,,,,,
Algorithm3 with Q=10,,,,,,,,,,,,,,,,,,,,,,,,,,,,,,,,,,,,,,,,,,,,,,,,,,,,,,,,,,,,,,,,,,,,,,,,,,,,,,,,,,,,,,,,,,,,,,,,,,,,,,,,,,,,,,,,,,,,,,,,,,,,,,,,,,,,,,,,,,,,,,,,,,,,,,,,,,,,,,,,,,,,,,,,,,,,,,,,,,,,,,,,,,,,,,,,,,,,,,,,,,,,,,,,,,,,,,,,,,,
Communication rounds,,,,,,,,,,,,,,,,,,,,,,,,,,,,,,,,,,,,,,,,,,,,,,,,,,,,,,,,,,,,,,,,,,,,,,,,,,,,,,,,,,,,,,,,,,,,,,,,,,,,,,,,,,,,,,,,,,,,,,,,,,,,,,,,,,,,,,,,,,,,,,,,,,,,,,,,,,,,,,,,,,,,,,,,,,,,,,,,,,,,,,,,,,,,,,,,,,,,,,,,,,,,,,,,,,,,,,,,,,,
0,1,2,3,4,5,6,7,8,9,10,11,12,13,14,15,16,17,18,19,20,21,22,23,24,25,26,27,28,29,30,31,32,33,34,35,36,37,38,39,40,41,42,43,44,45,46,47,48,49,50,51,52,53,54,55,56,57,58,59,60,61,62,63,64,65,66,67,68,69,70,71,72,73,74,75,76,77,78,79,80,81,82,83,84,85,86,87,88,89,90,91,92,93,94,95,96,97,98,99,100,101,102,103,104,105,106,107,108,109,110,111,112,113,114,115,116,117,118,119,120,121,122,123,124,125,126,127,128,129,130,131,132,133,134,135,136,137,138,139,140,141,142,143,144,145,146,147,148,149,150,151,152,153,154,155,156,157,158,159,160,161,162,163,164,165,166,167,168,169,170,171,172,173,174,175,176,177,178,179,180,181,182,183,184,185,186,187,188,189,190,191,192,193,194,195,196,197,198,199,200,,,,,,,,,,,,,,,,,,,
loss,,,,,,,,,,,,,,,,,,,,,,,,,,,,,,,,,,,,,,,,,,,,,,,,,,,,,,,,,,,,,,,,,,,,,,,,,,,,,,,,,,,,,,,,,,,,,,,,,,,,,,,,,,,,,,,,,,,,,,,,,,,,,,,,,,,,,,,,,,,,,,,,,,,,,,,,,,,,,,,,,,,,,,,,,,,,,,,,,,,,,,,,,,,,,,,,,,,,,,,,,,,,,,,,,,,,,,,,,,,
0.693147181,0.721762854,0.090030202,0.051772268,0.028179476,0.030822066,0.024450512,0.02230268,0.019705875,0.02145215,0.01939204,0.019042158,0.018868945,0.018424932,0.018178969,0.018433687,0.018132426,0.018254397,0.018234721,0.018280971,0.018220238,0.018211107,0.01820133,0.018263539,0.018196815,0.018196998,0.01819687,0.018197711,0.018192884,0.018192653,0.01819083,0.018190559,0.018189942,0.01818973,0.018189548,0.018189132,0.018189105,0.01818896,0.018188942,0.018188877,0.01818884,0.018188805,0.01818881,0.018188782,0.01818878,0.018188764,0.018188747,0.018188741,0.018188746,0.01818874,0.018188735,0.01818873,0.018188737,0.018188728,0.018188729,0.018188726,0.018188728,0.018188726,0.018188727,0.018188725,0.018188725,0.018188724,0.018188725,0.018188724,0.018188725,0.018188724,0.018188725,0.018188724,0.018188724,0.018188724,0.018188724,0.018188724,0.018188724,0.018188724,0.018188724,0.018188724,0.018188724,0.018188724,0.018188724,0.018188724,0.018188724,0.018188724,0.018188724,0.018188724,0.018188724,0.018188724,0.018188724,0.018188724,0.018188724,0.018188724,0.018188724,0.018188724,0.018188724,0.018188724,0.018188724,0.018188724,0.018188724,0.018188724,0.018188724,0.018188724,0.018188724,0.018188724,0.018188724,0.018188724,0.018188724,0.018188724,0.018188724,0.018188724,0.018188724,0.018188724,0.018188724,0.018188724,0.018188724,0.018188724,0.018188724,0.018188724,0.018188724,0.018188724,0.018188724,0.018188724,0.018188724,0.018188724,0.018188724,0.018188724,0.018188724,0.018188724,0.018188724,0.018188724,0.018188724,0.018188724,0.018188724,0.018188724,0.018188724,0.018188724,0.018188724,0.018188724,0.018188724,0.018188724,0.018188724,0.018188724,0.018188724,0.018188724,0.018188724,0.018188724,0.018188724,0.018188724,0.018188724,0.018188724,0.018188724,0.018188724,0.018188724,0.018188724,0.018188724,0.018188724,0.018188724,0.018188724,0.018188724,0.018188724,0.018188724,0.018188724,0.018188724,0.018188724,0.018188724,0.018188724,0.018188724,0.018188724,0.018188724,0.018188724,0.018188724,0.018188724,0.018188724,0.018188724,0.018188724,0.018188724,0.018188724,0.018188724,0.018188724,0.018188724,0.018188724,0.018188724,0.018188724,0.018188724,0.018188724,0.018188724,0.018188724,0.018188724,0.018188724,0.018188724,0.018188724,0.018188724,0.018188724,0.018188724,0.018188724,0.018188724,0.018188724,0.018188724,0.018188724,0.018188724,0.018188724,0.018188724,0.018188724,,,,,,,,,,,,,,,,,,,
,,,,,,,,,,,,,,,,,,,,,,,,,,,,,,,,,,,,,,,,,,,,,,,,,,,,,,,,,,,,,,,,,,,,,,,,,,,,,,,,,,,,,,,,,,,,,,,,,,,,,,,,,,,,,,,,,,,,,,,,,,,,,,,,,,,,,,,,,,,,,,,,,,,,,,,,,,,,,,,,,,,,,,,,,,,,,,,,,,,,,,,,,,,,,,,,,,,,,,,,,,,,,,,,,,,,,,,,,,,
Algorithm3 with Q=20,,,,,,,,,,,,,,,,,,,,,,,,,,,,,,,,,,,,,,,,,,,,,,,,,,,,,,,,,,,,,,,,,,,,,,,,,,,,,,,,,,,,,,,,,,,,,,,,,,,,,,,,,,,,,,,,,,,,,,,,,,,,,,,,,,,,,,,,,,,,,,,,,,,,,,,,,,,,,,,,,,,,,,,,,,,,,,,,,,,,,,,,,,,,,,,,,,,,,,,,,,,,,,,,,,,,,,,,,,,
Communication rounds,,,,,,,,,,,,,,,,,,,,,,,,,,,,,,,,,,,,,,,,,,,,,,,,,,,,,,,,,,,,,,,,,,,,,,,,,,,,,,,,,,,,,,,,,,,,,,,,,,,,,,,,,,,,,,,,,,,,,,,,,,,,,,,,,,,,,,,,,,,,,,,,,,,,,,,,,,,,,,,,,,,,,,,,,,,,,,,,,,,,,,,,,,,,,,,,,,,,,,,,,,,,,,,,,,,,,,,,,,,
0,1,2,3,4,5,6,7,8,9,10,11,12,13,14,15,16,17,18,19,20,21,22,23,24,25,26,27,28,29,30,31,32,33,34,35,36,37,38,39,40,41,42,43,44,45,46,47,48,49,50,51,52,53,54,55,56,57,58,59,60,61,62,63,64,65,66,67,68,69,70,71,72,73,74,75,76,77,78,79,80,81,82,83,84,85,86,87,88,89,90,91,92,93,94,95,96,97,98,99,100,101,102,103,104,105,106,107,108,109,110,111,112,113,114,115,116,117,118,119,120,121,122,123,124,125,126,127,128,129,130,131,132,133,134,135,136,137,138,139,140,141,142,143,144,145,146,147,148,149,150,151,152,153,154,155,156,157,158,159,160,161,162,163,164,165,166,167,168,169,170,171,172,173,174,175,176,177,178,179,180,181,182,183,184,185,186,187,188,189,190,191,192,193,194,195,196,197,198,199,200,,,,,,,,,,,,,,,,,,,
loss,,,,,,,,,,,,,,,,,,,,,,,,,,,,,,,,,,,,,,,,,,,,,,,,,,,,,,,,,,,,,,,,,,,,,,,,,,,,,,,,,,,,,,,,,,,,,,,,,,,,,,,,,,,,,,,,,,,,,,,,,,,,,,,,,,,,,,,,,,,,,,,,,,,,,,,,,,,,,,,,,,,,,,,,,,,,,,,,,,,,,,,,,,,,,,,,,,,,,,,,,,,,,,,,,,,,,,,,,,,
0.693147181,0.929667855,0.068074541,0.035565533,0.023222089,0.020703861,0.018975828,0.018926491,0.018399503,0.018099292,0.018138177,0.01838223,0.018213674,0.018130889,0.018198996,0.018583573,0.01818107,0.018666332,0.018185909,0.018315264,0.01817703,0.018389469,0.018215975,0.018489531,0.018192372,0.01853583,0.018527316,0.018480396,0.018185599,0.018428677,0.018261582,0.018651288,0.018196467,0.018270458,0.018181511,0.01832366,0.018214071,0.018351557,0.018239527,0.018274638,0.018180314,0.018419686,0.0182995,0.018269167,0.018605834,0.018273084,0.018156518,0.018332761,0.018155841,0.018191641,0.018197112,0.018309714,0.018194121,0.018314241,0.01849201,0.018310461,0.018208953,0.018942052,0.018215763,0.018120725,0.01810409,0.018346886,0.018511727,0.018244685,0.018043181,0.018294714,0.018295385,0.018430855,0.018200535,0.018458814,0.018044725,0.018117071,0.018192125,0.018359632,0.018072552,0.018424589,0.018149276,0.018408082,0.018226032,0.018159021,0.018191956,0.018141451,0.018152627,0.01845969,0.018185561,0.018249486,0.01812094,0.018422651,0.018157147,0.018347188,0.018590438,0.018292943,0.018105916,0.0183453,0.017925376,0.018653193,0.01797222,0.018505423,0.018259762,0.018273788,0.01817834,0.018554968,0.018209703,0.01820977,0.01817133,0.01809895,0.018183642,0.018230471,0.01822425,0.017993608,0.018325289,0.018232898,0.018187845,0.018112854,0.018171311,0.018507841,0.018175583,0.018282341,0.018237937,0.018256792,0.01818048,0.018217082,0.018193079,0.018233789,0.018067636,0.018243583,0.018162625,0.01821688,0.018449089,0.018242822,0.018069495,0.018267682,0.018109256,0.01837741,0.018221571,0.018372068,0.018199697,0.018240452,0.01823399,0.018351178,0.018117511,0.018511197,0.017985418,0.018256989,0.018034831,0.018145737,0.018087877,0.018285566,0.018189654,0.018276811,0.018194751,0.018518317,0.018189311,0.018427011,0.018268457,0.018121732,0.018013051,0.01828852,0.018329822,0.018618615,0.018316581,0.018262975,0.018036033,0.018423912,0.018191517,0.018597192,0.018182534,0.018317433,0.018495873,0.018521039,0.018181624,0.018334974,0.0182258,0.018283304,0.018429454,0.018256133,0.018199636,0.018138382,0.018159899,0.018479388,0.018205571,0.018282707,0.018170677,0.018256377,0.018314408,0.018268571,0.018110333,0.018241302,0.018177234,0.018288982,0.018199358,0.018479297,0.018219281,0.019065352,0.018212445,0.018450606,0.018197518,0.018419636,0.018318986,0.018458304,0.017949205,,,,,,,,,,,,,,,,,,,
,,,,,,,,,,,,,,,,,,,,,,,,,,,,,,,,,,,,,,,,,,,,,,,,,,,,,,,,,,,,,,,,,,,,,,,,,,,,,,,,,,,,,,,,,,,,,,,,,,,,,,,,,,,,,,,,,,,,,,,,,,,,,,,,,,,,,,,,,,,,,,,,,,,,,,,,,,,,,,,,,,,,,,,,,,,,,,,,,,,,,,,,,,,,,,,,,,,,,,,,,,,,,,,,,,,,,,,,,,,
Algorithm3 with Q=30,,,,,,,,,,,,,,,,,,,,,,,,,,,,,,,,,,,,,,,,,,,,,,,,,,,,,,,,,,,,,,,,,,,,,,,,,,,,,,,,,,,,,,,,,,,,,,,,,,,,,,,,,,,,,,,,,,,,,,,,,,,,,,,,,,,,,,,,,,,,,,,,,,,,,,,,,,,,,,,,,,,,,,,,,,,,,,,,,,,,,,,,,,,,,,,,,,,,,,,,,,,,,,,,,,,,,,,,,,,
Communication rounds,,,,,,,,,,,,,,,,,,,,,,,,,,,,,,,,,,,,,,,,,,,,,,,,,,,,,,,,,,,,,,,,,,,,,,,,,,,,,,,,,,,,,,,,,,,,,,,,,,,,,,,,,,,,,,,,,,,,,,,,,,,,,,,,,,,,,,,,,,,,,,,,,,,,,,,,,,,,,,,,,,,,,,,,,,,,,,,,,,,,,,,,,,,,,,,,,,,,,,,,,,,,,,,,,,,,,,,,,,,
0,1,2,3,4,5,6,7,8,9,10,11,12,13,14,15,16,17,18,19,20,21,22,23,24,25,26,27,28,29,30,31,32,33,34,35,36,37,38,39,40,41,42,43,44,45,46,47,48,49,50,51,52,53,54,55,56,57,58,59,60,61,62,63,64,65,66,67,68,69,70,71,72,73,74,75,76,77,78,79,80,81,82,83,84,85,86,87,88,89,90,91,92,93,94,95,96,97,98,99,100,101,102,103,104,105,106,107,108,109,110,111,112,113,114,115,116,117,118,119,120,121,122,123,124,125,126,127,128,129,130,131,132,133,134,135,136,137,138,139,140,141,142,143,144,145,146,147,148,149,150,151,152,153,154,155,156,157,158,159,160,161,162,163,164,165,166,167,168,169,170,171,172,173,174,175,176,177,178,179,180,181,182,183,184,185,186,187,188,189,190,191,192,193,194,195,196,197,198,199,200,,,,,,,,,,,,,,,,,,,
loss,,,,,,,,,,,,,,,,,,,,,,,,,,,,,,,,,,,,,,,,,,,,,,,,,,,,,,,,,,,,,,,,,,,,,,,,,,,,,,,,,,,,,,,,,,,,,,,,,,,,,,,,,,,,,,,,,,,,,,,,,,,,,,,,,,,,,,,,,,,,,,,,,,,,,,,,,,,,,,,,,,,,,,,,,,,,,,,,,,,,,,,,,,,,,,,,,,,,,,,,,,,,,,,,,,,,,,,,,,,
0.693147181,1.374409653,0.074778207,0.043200362,0.024759947,0.019567625,0.020243038,0.020088935,0.020074846,0.019913644,0.020170643,0.02057435,0.019351285,0.020380626,0.01981184,0.020606955,0.020102136,0.021015857,0.019508913,0.020598993,0.019437384,0.020490746,0.020238457,0.020855568,0.019730834,0.020391127,0.019169974,0.020943981,0.019703825,0.021535238,0.019759718,0.021702087,0.019352056,0.021454865,0.019997094,0.021190994,0.019929119,0.02075847,0.020591939,0.020737119,0.019489863,0.020132373,0.019698694,0.020954724,0.021109594,0.022493491,0.020669686,0.022256801,0.019733291,0.021709432,0.020382963,0.020805218,0.020888228,0.021065583,0.021729902,0.021533584,0.01947598,0.020037749,0.020018811,0.02039719,0.019722982,0.020587239,0.019915266,0.020254454,0.019672217,0.021272229,0.019562577,0.020763481,0.020305007,0.020860089,0.019668798,0.020230547,0.020181545,0.021138978,0.019360337,0.021267903,0.019641728,0.020889701,0.020352628,0.020999797,0.019815516,0.022468314,0.019310059,0.020395255,0.020377845,0.020268829,0.020394928,0.020957176,0.019122324,0.021198013,0.020738517,0.021041406,0.020152982,0.020784343,0.019831567,0.02106805,0.020461025,0.021272465,0.01962668,0.020475202,0.019946805,0.020627221,0.022193601,0.022546088,0.020721179,0.020773304,0.019978423,0.021328873,0.019820233,0.02089018,0.019693163,0.020652302,0.020166396,0.020541246,0.019611415,0.020568876,0.019675149,0.021337449,0.019983017,0.021133573,0.019676181,0.019932307,0.020153764,0.021858548,0.020062471,0.021018726,0.020912412,0.021619914,0.020147828,0.020790666,0.01938237,0.020724324,0.019467434,0.020337739,0.019285472,0.021147702,0.019396703,0.020790193,0.020520413,0.021253564,0.022031813,0.020844249,0.020205094,0.020212476,0.019319401,0.020396018,0.019402206,0.021070321,0.019401326,0.020589319,0.019339925,0.020652406,0.020024569,0.020291335,0.020888841,0.021970874,0.019498178,0.021163262,0.021012797,0.022093096,0.020619042,0.022254078,0.01966762,0.021076017,0.020037294,0.021384279,0.020771071,0.02071602,0.019269787,0.0233219,0.021304572,0.021189436,0.019934494,0.020533045,0.020597862,0.020995513,0.019906271,0.020770706,0.019398439,0.020258789,0.019992177,0.020457312,0.019839352,0.020543323,0.019735395,0.020843949,0.020369668,0.020463904,0.019881343,0.021034118,0.019553981,0.020390053,0.02040873,0.020234412,0.019839673,0.021299905,0.020149863,0.020836612,0.020477889,0.022559666,0.021934287,,,,,,,,,,,,,,,,,,,
,,,,,,,,,,,,,,,,,,,,,,,,,,,,,,,,,,,,,,,,,,,,,,,,,,,,,,,,,,,,,,,,,,,,,,,,,,,,,,,,,,,,,,,,,,,,,,,,,,,,,,,,,,,,,,,,,,,,,,,,,,,,,,,,,,,,,,,,,,,,,,,,,,,,,,,,,,,,,,,,,,,,,,,,,,,,,,,,,,,,,,,,,,,,,,,,,,,,,,,,,,,,,,,,,,,,,,,,,,,
Algorithm3 with Q=40,,,,,,,,,,,,,,,,,,,,,,,,,,,,,,,,,,,,,,,,,,,,,,,,,,,,,,,,,,,,,,,,,,,,,,,,,,,,,,,,,,,,,,,,,,,,,,,,,,,,,,,,,,,,,,,,,,,,,,,,,,,,,,,,,,,,,,,,,,,,,,,,,,,,,,,,,,,,,,,,,,,,,,,,,,,,,,,,,,,,,,,,,,,,,,,,,,,,,,,,,,,,,,,,,,,,,,,,,,,
Communication rounds,,,,,,,,,,,,,,,,,,,,,,,,,,,,,,,,,,,,,,,,,,,,,,,,,,,,,,,,,,,,,,,,,,,,,,,,,,,,,,,,,,,,,,,,,,,,,,,,,,,,,,,,,,,,,,,,,,,,,,,,,,,,,,,,,,,,,,,,,,,,,,,,,,,,,,,,,,,,,,,,,,,,,,,,,,,,,,,,,,,,,,,,,,,,,,,,,,,,,,,,,,,,,,,,,,,,,,,,,,,
0,1,2,3,4,5,6,7,8,9,10,11,12,13,14,15,16,17,18,19,20,21,22,23,24,25,26,27,28,29,30,31,32,33,34,35,36,37,38,39,40,41,42,43,44,45,46,47,48,49,50,51,52,53,54,55,56,57,58,59,60,61,62,63,64,65,66,67,68,69,70,71,72,73,74,75,76,77,78,79,80,81,82,83,84,85,86,87,88,89,90,91,92,93,94,95,96,97,98,99,100,101,102,103,104,105,106,107,108,109,110,111,112,113,114,115,116,117,118,119,120,121,122,123,124,125,126,127,128,129,130,131,132,133,134,135,136,137,138,139,140,141,142,143,144,145,146,147,148,149,150,151,152,153,154,155,156,157,158,159,160,161,162,163,164,165,166,167,168,169,170,171,172,173,174,175,176,177,178,179,180,181,182,183,184,185,186,187,188,189,190,191,192,193,194,195,196,197,198,199,200,,,,,,,,,,,,,,,,,,,
loss,,,,,,,,,,,,,,,,,,,,,,,,,,,,,,,,,,,,,,,,,,,,,,,,,,,,,,,,,,,,,,,,,,,,,,,,,,,,,,,,,,,,,,,,,,,,,,,,,,,,,,,,,,,,,,,,,,,,,,,,,,,,,,,,,,,,,,,,,,,,,,,,,,,,,,,,,,,,,,,,,,,,,,,,,,,,,,,,,,,,,,,,,,,,,,,,,,,,,,,,,,,,,,,,,,,,,,,,,,,
0.693147181,1.81399466,0.087840876,0.068992682,0.028666371,0.020242889,0.025044041,0.025586718,0.022570924,0.023744162,0.023676051,0.026977062,0.025578665,0.02589744,0.022511841,0.025084092,0.022278975,0.025790627,0.021366098,0.026288316,0.023498288,0.025708385,0.023407164,0.025489162,0.024902806,0.025164222,0.024219208,0.024477591,0.02199841,0.025120233,0.024194071,0.024881088,0.021858506,0.025190634,0.023632168,0.024949924,0.02566202,0.025210366,0.022838602,0.024608827,0.022943794,0.024909516,0.022733198,0.024470684,0.024096023,0.030383147,0.024812567,0.027475193,0.024521584,0.024217054,0.022583288,0.027904625,0.024043465,0.024116837,0.021563931,0.02325558,0.023309614,0.022787138,0.022062835,0.02514258,0.025335502,0.024658464,0.022430787,0.023479341,0.02275933,0.024722261,0.022802531,0.024244159,0.022477924,0.024968559,0.021364538,0.024594628,0.022731622,0.0251566,0.021858197,0.026495379,0.026962443,0.031170152,0.025853569,0.026220217,0.025137016,0.024347729,0.024841453,0.024827663,0.023571223,0.026339274,0.023259851,0.027162715,0.023812831,0.027337397,0.024851536,0.024649562,0.022849348,0.026747238,0.023277323,0.023935541,0.02248044,0.025182063,0.023268244,0.024094538,0.023263565,0.024901401,0.022597253,0.025676656,0.023093485,0.024201235,0.022853554,0.025043489,0.023291261,0.026934943,0.023218781,0.024125802,0.021445461,0.025379317,0.024316246,0.026299784,0.022528888,0.023880226,0.023734386,0.024843935,0.022556807,0.024292528,0.021233273,0.027135351,0.022808516,0.026678728,0.022950487,0.02507445,0.022805229,0.025377861,0.025535395,0.027503625,0.026978798,0.028419107,0.022756557,0.022538384,0.021654928,0.025244508,0.02328576,0.028274548,0.022931436,0.025504336,0.022596948,0.025045662,0.02402569,0.026929006,0.022936311,0.023850718,0.022367883,0.025941515,0.023839687,0.026389517,0.021676035,0.025221201,0.023555876,0.026905902,0.023414333,0.025560424,0.022204677,0.027709101,0.022982861,0.024017496,0.022298546,0.026697209,0.023006424,0.025375241,0.023918064,0.027318075,0.025675387,0.025703236,0.021477882,0.025339014,0.024112309,0.026017043,0.024781442,0.022540389,0.022187904,0.026477348,0.023175474,0.026080229,0.025576092,0.024171546,0.02326027,0.026110138,0.023732765,0.026007132,0.02385507,0.025066808,0.022883527,0.024691591,0.02225279,0.024769092,0.024135866,0.028648823,0.023355494,0.024189593,0.022303314,0.025597636,0.022581239,0.026816343,0.023515093,,,,,,,,,,,,,,,,,,,
,,,,,,,,,,,,,,,,,,,,,,,,,,,,,,,,,,,,,,,,,,,,,,,,,,,,,,,,,,,,,,,,,,,,,,,,,,,,,,,,,,,,,,,,,,,,,,,,,,,,,,,,,,,,,,,,,,,,,,,,,,,,,,,,,,,,,,,,,,,,,,,,,,,,,,,,,,,,,,,,,,,,,,,,,,,,,,,,,,,,,,,,,,,,,,,,,,,,,,,,,,,,,,,,,,,,,,,,,,,
Algorithm3 with Q=50,,,,,,,,,,,,,,,,,,,,,,,,,,,,,,,,,,,,,,,,,,,,,,,,,,,,,,,,,,,,,,,,,,,,,,,,,,,,,,,,,,,,,,,,,,,,,,,,,,,,,,,,,,,,,,,,,,,,,,,,,,,,,,,,,,,,,,,,,,,,,,,,,,,,,,,,,,,,,,,,,,,,,,,,,,,,,,,,,,,,,,,,,,,,,,,,,,,,,,,,,,,,,,,,,,,,,,,,,,,
Communication rounds,,,,,,,,,,,,,,,,,,,,,,,,,,,,,,,,,,,,,,,,,,,,,,,,,,,,,,,,,,,,,,,,,,,,,,,,,,,,,,,,,,,,,,,,,,,,,,,,,,,,,,,,,,,,,,,,,,,,,,,,,,,,,,,,,,,,,,,,,,,,,,,,,,,,,,,,,,,,,,,,,,,,,,,,,,,,,,,,,,,,,,,,,,,,,,,,,,,,,,,,,,,,,,,,,,,,,,,,,,,
0,1,2,3,4,5,6,7,8,9,10,11,12,13,14,15,16,17,18,19,20,21,22,23,24,25,26,27,28,29,30,31,32,33,34,35,36,37,38,39,40,41,42,43,44,45,46,47,48,49,50,51,52,53,54,55,56,57,58,59,60,61,62,63,64,65,66,67,68,69,70,71,72,73,74,75,76,77,78,79,80,81,82,83,84,85,86,87,88,89,90,91,92,93,94,95,96,97,98,99,100,101,102,103,104,105,106,107,108,109,110,111,112,113,114,115,116,117,118,119,120,121,122,123,124,125,126,127,128,129,130,131,132,133,134,135,136,137,138,139,140,141,142,143,144,145,146,147,148,149,150,151,152,153,154,155,156,157,158,159,160,161,162,163,164,165,166,167,168,169,170,171,172,173,174,175,176,177,178,179,180,181,182,183,184,185,186,187,188,189,190,191,192,193,194,195,196,197,198,199,200,,,,,,,,,,,,,,,,,,,
loss,,,,,,,,,,,,,,,,,,,,,,,,,,,,,,,,,,,,,,,,,,,,,,,,,,,,,,,,,,,,,,,,,,,,,,,,,,,,,,,,,,,,,,,,,,,,,,,,,,,,,,,,,,,,,,,,,,,,,,,,,,,,,,,,,,,,,,,,,,,,,,,,,,,,,,,,,,,,,,,,,,,,,,,,,,,,,,,,,,,,,,,,,,,,,,,,,,,,,,,,,,,,,,,,,,,,,,,,,,,
0.693147181,3.686637149,0.140897531,0.103940409,0.035658361,0.021244808,0.026491139,0.028920425,0.030044727,0.032491201,0.028472538,0.030320526,0.02824388,0.031199031,0.026890996,0.030107471,0.027961649,0.032453761,0.02664235,0.028808569,0.026680668,0.031567926,0.028047616,0.030740321,0.031071573,0.04351989,0.03774068,0.030720354,0.02832956,0.032286892,0.028967836,0.033047477,0.029643645,0.029818456,0.027513264,0.032049584,0.027959898,0.030825544,0.029624793,0.034236508,0.034292408,0.030992389,0.027626603,0.02815099,0.028556287,0.031495179,0.030342934,0.032332654,0.029852832,0.03057379,0.028980538,0.028972922,0.026528906,0.031875228,0.026254289,0.031227612,0.025942141,0.035369553,0.029562022,0.031902108,0.026387358,0.029315537,0.025869843,0.032993771,0.031278693,0.032354346,0.029876878,0.029977405,0.029992943,0.035312394,0.034888664,0.031120211,0.027458036,0.031256405,0.028172423,0.03893347,0.030906571,0.031735837,0.025891933,0.03021837,0.031330627,0.036203898,0.033093601,0.03169641,0.02865291,0.031683371,0.026901967,0.031682712,0.037989557,0.043716717,0.03961575,0.029777627,0.026795263,0.030375569,0.029600421,0.031825394,0.028708654,0.032513835,0.027977364,0.029874227,0.026680834,0.03131832,0.029724494,0.029915636,0.025421236,0.028417246,0.026877821,0.031792688,0.030633403,0.030608009,0.028925325,0.03306906,0.026171078,0.027073082,0.025354636,0.032536858,0.030036492,0.02996583,0.031217279,0.03229508,0.0332015,0.032310029,0.032012976,0.029965102,0.02968564,0.029267983,0.029573382,0.029121572,0.031241024,0.033930501,0.028894966,0.030926899,0.026284156,0.032389038,0.029656532,0.030200696,0.026733268,0.029640718,0.0266648,0.034727141,0.029093113,0.02982039,0.025712797,0.031540158,0.027045303,0.029714279,0.028070511,0.034886198,0.040359222,0.034607252,0.029334366,0.027326531,0.026729558,0.0300585,0.031788377,0.034386325,0.040988869,0.040199661,0.039146196,0.033792748,0.025289308,0.036532321,0.03042954,0.036202506,0.025850959,0.029413196,0.026252967,0.032797941,0.029030068,0.031851909,0.02768798,0.032902847,0.026752043,0.032334925,0.027123352,0.031013112,0.026719169,0.033171209,0.031093438,0.034245253,0.028279698,0.027342901,0.027401695,0.03236984,0.032099851,0.034050856,0.02706986,0.030497285,0.026666879,0.030185055,0.028135073,0.031346146,0.030893855,0.032499179,0.028941095,0.026521416,0.026235389,0.032319665,0.027980239,0.036114729,0.035739236,,,,,,,,,,,,,,,,,,,
,,,,,,,,,,,,,,,,,,,,,,,,,,,,,,,,,,,,,,,,,,,,,,,,,,,,,,,,,,,,,,,,,,,,,,,,,,,,,,,,,,,,,,,,,,,,,,,,,,,,,,,,,,,,,,,,,,,,,,,,,,,,,,,,,,,,,,,,,,,,,,,,,,,,,,,,,,,,,,,,,,,,,,,,,,,,,,,,,,,,,,,,,,,,,,,,,,,,,,,,,,,,,,,,,,,,,,,,,,,
Algorithm3 with Q=60,,,,,,,,,,,,,,,,,,,,,,,,,,,,,,,,,,,,,,,,,,,,,,,,,,,,,,,,,,,,,,,,,,,,,,,,,,,,,,,,,,,,,,,,,,,,,,,,,,,,,,,,,,,,,,,,,,,,,,,,,,,,,,,,,,,,,,,,,,,,,,,,,,,,,,,,,,,,,,,,,,,,,,,,,,,,,,,,,,,,,,,,,,,,,,,,,,,,,,,,,,,,,,,,,,,,,,,,,,,
Communication rounds,,,,,,,,,,,,,,,,,,,,,,,,,,,,,,,,,,,,,,,,,,,,,,,,,,,,,,,,,,,,,,,,,,,,,,,,,,,,,,,,,,,,,,,,,,,,,,,,,,,,,,,,,,,,,,,,,,,,,,,,,,,,,,,,,,,,,,,,,,,,,,,,,,,,,,,,,,,,,,,,,,,,,,,,,,,,,,,,,,,,,,,,,,,,,,,,,,,,,,,,,,,,,,,,,,,,,,,,,,,
0,1,2,3,4,5,6,7,8,9,10,11,12,13,14,15,16,17,18,19,20,21,22,23,24,25,26,27,28,29,30,31,32,33,34,35,36,37,38,39,40,41,42,43,44,45,46,47,48,49,50,51,52,53,54,55,56,57,58,59,60,61,62,63,64,65,66,67,68,69,70,71,72,73,74,75,76,77,78,79,80,81,82,83,84,85,86,87,88,89,90,91,92,93,94,95,96,97,98,99,100,101,102,103,104,105,106,107,108,109,110,111,112,113,114,115,116,117,118,119,120,121,122,123,124,125,126,127,128,129,130,131,132,133,134,135,136,137,138,139,140,141,142,143,144,145,146,147,148,149,150,151,152,153,154,155,156,157,158,159,160,161,162,163,164,165,166,167,168,169,170,171,172,173,174,175,176,177,178,179,180,181,182,183,184,185,186,187,188,189,190,191,192,193,194,195,196,197,198,199,200,,,,,,,,,,,,,,,,,,,
loss,,,,,,,,,,,,,,,,,,,,,,,,,,,,,,,,,,,,,,,,,,,,,,,,,,,,,,,,,,,,,,,,,,,,,,,,,,,,,,,,,,,,,,,,,,,,,,,,,,,,,,,,,,,,,,,,,,,,,,,,,,,,,,,,,,,,,,,,,,,,,,,,,,,,,,,,,,,,,,,,,,,,,,,,,,,,,,,,,,,,,,,,,,,,,,,,,,,,,,,,,,,,,,,,,,,,,,,,,,,
0.693147181,4.491176371,0.19944016,0.31294346,0.095801444,0.019629696,0.045458674,0.050452163,0.057663138,0.043441976,0.032497881,0.055341253,0.04603925,0.055680912,0.025458297,0.032891028,0.035012603,0.057249304,0.039879145,0.043634933,0.034891503,0.060185434,0.047600508,0.057352262,0.03744862,0.054214227,0.039829743,0.049658763,0.036091059,0.047892661,0.030349169,0.042030786,0.041319469,0.106124888,0.052390591,0.040750068,0.023699943,0.032500764,0.034562788,0.042097959,0.041966364,0.045071486,0.049653618,0.041063719,0.035620758,0.038849439,0.036317003,0.040523022,0.032138496,0.05450576,0.0416326,0.038472727,0.027977867,0.053243535,0.04629912,0.044757926,0.028455056,0.046372635,0.040142509,0.042669904,0.037540771,0.118560873,0.070494013,0.049606366,0.02473153,0.028654372,0.03891558,0.051408931,0.044443563,0.038306836,0.032518617,0.036369809,0.036114165,0.038851396,0.03902189,0.05758708,0.050660718,0.044720874,0.040197042,0.038011421,0.038172195,0.053768038,0.046346066,0.035687508,0.026401426,0.037692,0.037205664,0.036059726,0.035477976,0.045017008,0.036899076,0.037348886,0.034520932,0.041797612,0.04206755,0.041189625,0.04257957,0.040950829,0.039805329,0.035886043,0.03429758,0.049024446,0.04188836,0.038640642,0.037556639,0.039101528,0.041792681,0.049649574,0.03900776,0.050899483,0.039165252,0.057809571,0.042702237,0.041780313,0.036585141,0.037876874,0.041858551,0.049151743,0.04755637,0.039176596,0.041989739,0.041350472,0.043255626,0.0400094,0.036675661,0.04201838,0.039293639,0.043972501,0.043224268,0.038582407,0.043354976,0.05202485,0.043053564,0.043650857,0.037308138,0.038667966,0.03743577,0.071003949,0.052823635,0.038529386,0.027696854,0.040763381,0.04455384,0.043651642,0.037145813,0.036921889,0.031928481,0.048162669,0.041306122,0.037844012,0.031692338,0.041024989,0.042500934,0.038989744,0.030489605,0.040034129,0.036849416,0.042227528,0.040930046,0.038549258,0.039464313,0.044362292,0.039967617,0.036586039,0.032610449,0.042320052,0.038193336,0.047857433,0.03929524,0.038747585,0.03250941,0.034820389,0.035612062,0.040812817,0.037080021,0.037520959,0.036981944,0.049038098,0.049342447,0.043848741,0.035800169,0.035007809,0.035284006,0.044493267,0.03771618,0.034085015,0.031292096,0.043394256,0.043396113,0.040900831,0.03326592,0.038317895,0.037942461,0.043060839,0.03920895,0.036485194,0.029268057,0.038397513,0.034522372,0.042330196,0.035917876,,,,,,,,,,,,,,,,,,,
